cris,Halvorson,rosamond_cormier@lueilwitzwuckert.org,5841018730,2017-02-06 12:56:33 -0600
cris,Morar,carolina_lindgren@prohaska.io,2528731592,2017-02-06 12:56:33 -0600
cris,Hartmann,anastasia.smith@wiegand.info,8277651557,2017-02-06 12:56:33 -0600
cris,Bailey,daryl_keebler@deckow.net,8838877840,2017-02-06 12:56:33 -0600
cris,Murphy,ottis_parker@larson.biz,8078060721,2017-02-06 12:56:33 -0600
cris,Mann,destany_donnelly@stanton.io,2010881073,2017-02-06 12:56:33 -0600
cris,Fadel,hyman.bernier@osinski.co,3669189663,2017-02-06 12:56:33 -0600
cris,Kirlin,maci_wisoky@ebertlind.biz,4038226257,2017-02-06 12:56:33 -0600
cris,Lakin,mack@okunevaframi.name,8506120829,2017-02-06 12:56:33 -0600
cris,Deckow,laria_heidenreich@robel.io,3074610957,2017-02-06 12:56:33 -0600
